{
    "root_group": {
        "name": "",
        "path": "",
        "id": "d41d8cd98f00b204e9800998ecf8427e",
        "groups": {},
        "checks": {
                "status is 200": {
                    "name": "status is 200",
                    "path": "::status is 200",
                    "id": "6210a8cd14cd70477eba5c5e4cb3fb5f",
                    "passes": 25649,
                    "fails": 0
                },
                "webhook status is queued|ignored": {
                    "name": "webhook status is queued|ignored",
                    "path": "::webhook status is queued|ignored",
                    "id": "4ae67ca0abafc44fe6be68e7a74b8029",
                    "passes": 25649,
                    "fails": 0
                }
            }
    },
    "metrics": {
        "http_req_receiving": {
            "avg": 0.11860748594487126,
            "min": 0.033205,
            "med": 0.108199,
            "p(90)": 0.157551,
            "p(95)": 0.17624659999999998,
            "p(99)": 0.24259340000000001,
            "max": 1.921386
        },
        "checks": {
            "fails": 0,
            "passes": 51298,
            "value": 1
        },
        "http_req_duration{flow:webhook_start}": {
            "med": 4.495911,
            "p(90)": 5.535660399999999,
            "p(95)": 6.218358399999993,
            "p(99)": 8.938829960000009,
            "max": 58.468406,
            "avg": 4.7378778902101155,
            "min": 0.138451,
            "thresholds": {
                "p(95)<500": false
            }
        },
        "http_req_duration{expected_response:true}": {
            "med": 4.495911,
            "p(90)": 5.535660399999999,
            "p(95)": 6.218358399999993,
            "p(99)": 8.938829960000009,
            "max": 58.468406,
            "avg": 4.7378778902101155,
            "min": 0.138451
        },
        "iterations": {
            "count": 25649,
            "rate": 72.29958613969177
        },
        "http_req_tls_handshaking": {
            "p(90)": 0,
            "p(95)": 0,
            "p(99)": 0,
            "max": 0,
            "avg": 0,
            "min": 0,
            "med": 0
        },
        "http_req_waiting": {
            "avg": 4.557487276424032,
            "min": 0,
            "med": 4.318189,
            "p(90)": 5.332053,
            "p(95)": 6.0001998,
            "p(99)": 8.664648560000003,
            "max": 58.360846
        },
        "http_req_sending": {
            "med": 0.057626,
            "p(90)": 0.0729882,
            "p(95)": 0.08819259999999998,
            "p(99)": 0.17506072000000006,
            "max": 1.97408,
            "avg": 0.06178312784124128,
            "min": 0.014173
        },
        "webhook_start_fail_rate": {
            "passes": 0,
            "fails": 25649,
            "value": 0
        },
        "data_sent": {
            "count": 12642068,
            "rate": 35635.552432837176
        },
        "http_req_connecting": {
            "avg": 0.05239329837420559,
            "min": 0,
            "med": 0,
            "p(90)": 0,
            "p(95)": 0,
            "p(99)": 2.4621548000000004,
            "max": 21.937371
        },
        "iteration_duration": {
            "med": 4.834676,
            "p(90)": 6.0611626,
            "p(95)": 7.210633599999999,
            "p(99)": 10.105949600000002,
            "max": 59.106117,
            "avg": 5.138658933525689,
            "min": 3.390321
        },
        "webhook_start_fail_rate{flow:webhook_start}": {
            "passes": 0,
            "fails": 25649,
            "thresholds": {
                "rate<0.01": false
            },
            "value": 0
        },
        "http_reqs": {
            "count": 25649,
            "rate": 72.29958613969177
        },
        "vus": {
            "value": 0,
            "min": 0,
            "max": 2
        },
        "data_received": {
            "rate": 10411.140404115613,
            "count": 3693456
        },
        "http_req_failed{flow:webhook_start}": {
            "passes": 0,
            "fails": 25649,
            "thresholds": {
                "rate<0.01": false
            },
            "value": 0
        },
        "vus_max": {
            "max": 80,
            "value": 80,
            "min": 80
        },
        "http_req_duration": {
            "med": 4.495911,
            "p(90)": 5.535660399999999,
            "p(95)": 6.218358399999993,
            "p(99)": 8.938829960000009,
            "max": 58.468406,
            "avg": 4.7378778902101155,
            "min": 0.138451
        },
        "http_req_failed": {
            "passes": 0,
            "fails": 25649,
            "value": 0
        },
        "http_req_blocked": {
            "avg": 0.06292646918008511,
            "min": 0.003375,
            "med": 0.006701,
            "p(90)": 0.008727200000000001,
            "p(95)": 0.010313399999999993,
            "p(99)": 2.628283320000001,
            "max": 22.139651
        },
        "queued_responses_total": {
            "count": 25649,
            "rate": 72.29958613969177
        }
    }
}