{
    "metrics": {
        "iteration_duration": {
            "min": 3.105408,
            "med": 4.411067,
            "p(90)": 5.4316408,
            "p(95)": 6.410138599999996,
            "p(99)": 8.35084524,
            "max": 30002.912406,
            "avg": 10.494085095364332
        },
        "http_req_waiting": {
            "p(95)": 5.423178599999999,
            "p(99)": 7.124529920000002,
            "max": 264.49087,
            "avg": 4.128597166634167,
            "min": 0,
            "med": 3.949518,
            "p(90)": 4.776496600000001
        },
        "http_req_duration{flow:webhook_start}": {
            "p(90)": 4.9703362,
            "p(95)": 5.618295399999997,
            "p(99)": 7.36182784,
            "max": 264.755057,
            "avg": 4.243115216226759,
            "min": -1319.038228,
            "med": 4.11247,
            "thresholds": {
                "p(95)<500": false
            }
        },
        "iterations": {
            "count": 25649,
            "rate": 69.93840227908254
        },
        "data_received": {
            "count": 3692737,
            "rate": 10069.169395175344
        },
        "vus_max": {
            "value": 80,
            "min": 80,
            "max": 80
        },
        "http_req_failed{flow:webhook_start}": {
            "fails": 25644,
            "passes": 5,
            "thresholds": {
                "rate<0.01": false
            },
            "value": 0.00019493937385473117
        },
        "http_req_connecting": {
            "p(90)": 0,
            "p(95)": 0,
            "p(99)": 2.21581024,
            "max": 25.770248,
            "avg": 0.040758950602362676,
            "min": 0,
            "med": 0
        },
        "http_req_tls_handshaking": {
            "p(90)": 0,
            "p(95)": 0,
            "p(99)": 0,
            "max": 0,
            "avg": 0,
            "min": 0,
            "med": 0
        },
        "queued_responses_total": {
            "count": 25643,
            "rate": 69.92204178106412
        },
        "http_req_duration{expected_response:true}": {
            "max": 264.755057,
            "avg": 4.243942527725789,
            "min": -1319.038228,
            "med": 4.1125865,
            "p(90)": 4.9705717,
            "p(95)": 5.6186851499999975,
            "p(99)": 7.361913689999999
        },
        "webhook_start_fail_rate": {
            "passes": 5,
            "fails": 25644,
            "value": 0.00019493937385473117
        },
        "data_sent": {
            "count": 12639599,
            "rate": 34465.02239885724
        },
        "vus": {
            "value": 0,
            "min": 0,
            "max": 5
        },
        "ignored_responses_total": {
            "count": 1,
            "rate": 0.002726749669736931
        },
        "invalid_responses_total": {
            "count": 5,
            "rate": 0.013633748348684653
        },
        "http_req_blocked": {
            "p(95)": 0.00882,
            "p(99)": 2.3528248400000007,
            "max": 25.940188,
            "avg": 0.04981822129517643,
            "min": 0,
            "med": 0.006171,
            "p(90)": 0.007804
        },
        "http_req_sending": {
            "p(99)": 0.15647692000000005,
            "max": 1.055897,
            "avg": 0.005175195290264496,
            "min": -1323.688761,
            "med": 0.053344,
            "p(90)": 0.06501380000000001,
            "p(95)": 0.07718719999999998
        },
        "http_req_failed": {
            "passes": 5,
            "fails": 25644,
            "value": 0.00019493937385473117
        },
        "checks": {
            "passes": 51288,
            "fails": 10,
            "value": 0.9998050606261453
        },
        "http_req_duration": {
            "p(99)": 7.36182784,
            "max": 264.755057,
            "avg": 4.243115216226759,
            "min": -1319.038228,
            "med": 4.11247,
            "p(90)": 4.9703362,
            "p(95)": 5.618295399999997
        },
        "http_reqs": {
            "count": 25649,
            "rate": 69.93840227908254
        },
        "http_req_receiving": {
            "max": 1.978391,
            "avg": 0.10934285430231168,
            "min": 0,
            "med": 0.099472,
            "p(90)": 0.14341579999999998,
            "p(95)": 0.15872719999999998,
            "p(99)": 0.20385772000000005
        },
        "webhook_start_fail_rate{flow:webhook_start}": {
            "passes": 5,
            "fails": 25644,
            "thresholds": {
                "rate<0.01": false
            },
            "value": 0.00019493937385473117
        }
    },
    "root_group": {
        "groups": {},
        "checks": {
                "status is 200": {
                    "name": "status is 200",
                    "path": "::status is 200",
                    "id": "6210a8cd14cd70477eba5c5e4cb3fb5f",
                    "passes": 25644,
                    "fails": 5
                },
                "webhook status is queued|ignored": {
                    "path": "::webhook status is queued|ignored",
                    "id": "4ae67ca0abafc44fe6be68e7a74b8029",
                    "passes": 25644,
                    "fails": 5,
                    "name": "webhook status is queued|ignored"
                }
            },
        "name": "",
        "path": "",
        "id": "d41d8cd98f00b204e9800998ecf8427e"
    }
}