{
    "metrics": {
        "checks": {
            "fails": 0,
            "passes": 18002,
            "value": 1
        },
        "webhook_start_fail_rate{flow:webhook_start}": {
            "passes": 0,
            "fails": 9001,
            "thresholds": {
                "rate<0.01": false
            },
            "value": 0
        },
        "http_reqs": {
            "count": 9001,
            "rate": 15.789683859454364
        },
        "http_req_failed": {
            "passes": 0,
            "fails": 9001,
            "value": 0
        },
        "queued_responses_total": {
            "count": 9001,
            "rate": 15.789683859454364
        },
        "http_req_duration{expected_response:true}": {
            "p(90)": 5.203113,
            "p(95)": 5.794897,
            "p(99)": 8.078763,
            "max": 36.614054,
            "avg": 4.474564159982218,
            "min": 0.14789,
            "med": 4.235236
        },
        "data_received": {
            "count": 1296144,
            "rate": 2273.7144757614287
        },
        "http_req_tls_handshaking": {
            "avg": 0,
            "min": 0,
            "med": 0,
            "p(90)": 0,
            "p(95)": 0,
            "p(99)": 0,
            "max": 0
        },
        "vus": {
            "value": 0,
            "min": 0,
            "max": 0
        },
        "http_req_connecting": {
            "med": 0,
            "p(90)": 0,
            "p(95)": 0,
            "p(99)": 0,
            "max": 3.332372,
            "avg": 0.011361273747361404,
            "min": 0
        },
        "http_req_blocked": {
            "p(90)": 0.008175,
            "p(95)": 0.009154,
            "p(99)": 0.047255,
            "max": 7.325125,
            "avg": 0.019828238973447303,
            "min": 0.004924,
            "med": 0.006475
        },
        "iteration_duration": {
            "avg": 4.870050713365183,
            "min": 3.758216,
            "med": 4.608892,
            "p(90)": 5.653452,
            "p(95)": 6.351405,
            "p(99)": 9.307795,
            "max": 37.088083
        },
        "http_req_duration{flow:webhook_start}": {
            "p(99)": 8.078763,
            "max": 36.614054,
            "avg": 4.474564159982218,
            "min": 0.14789,
            "med": 4.235236,
            "p(90)": 5.203113,
            "p(95)": 5.794897,
            "thresholds": {
                "p(95)<350": false
            }
        },
        "http_req_failed{flow:webhook_start}": {
            "passes": 0,
            "fails": 9001,
            "thresholds": {
                "rate<0.01": false
            },
            "value": 0
        },
        "webhook_start_fail_rate": {
            "passes": 0,
            "fails": 9001,
            "value": 0
        },
        "data_sent": {
            "count": 4435467,
            "rate": 7780.76010432646
        },
        "http_req_receiving": {
            "min": 0.049071,
            "med": 0.118843,
            "p(90)": 0.167433,
            "p(95)": 0.185127,
            "p(99)": 0.243533,
            "max": 4.011862,
            "avg": 0.1259753565159429
        },
        "vus_max": {
            "value": 40,
            "min": 40,
            "max": 40
        },
        "http_req_sending": {
            "min": 0.02112,
            "med": 0.054433,
            "p(90)": 0.068808,
            "p(95)": 0.077372,
            "p(99)": 0.116687,
            "max": 3.34013,
            "avg": 0.058731485501610885
        },
        "iterations": {
            "count": 9001,
            "rate": 15.789683859454364
        },
        "http_req_duration": {
            "med": 4.235236,
            "p(90)": 5.203113,
            "p(95)": 5.794897,
            "p(99)": 8.078763,
            "max": 36.614054,
            "avg": 4.474564159982218,
            "min": 0.14789
        },
        "http_req_waiting": {
            "med": 4.055753,
            "p(90)": 4.990052,
            "p(95)": 5.575076,
            "p(99)": 7.879314,
            "max": 36.350989,
            "avg": 4.289857317964671,
            "min": 0
        }
    },
    "root_group": {
        "path": "",
        "id": "d41d8cd98f00b204e9800998ecf8427e",
        "groups": {},
        "checks": {
                "status is 200": {
                    "fails": 0,
                    "name": "status is 200",
                    "path": "::status is 200",
                    "id": "6210a8cd14cd70477eba5c5e4cb3fb5f",
                    "passes": 9001
                },
                "webhook status is queued|ignored": {
                    "name": "webhook status is queued|ignored",
                    "path": "::webhook status is queued|ignored",
                    "id": "4ae67ca0abafc44fe6be68e7a74b8029",
                    "passes": 9001,
                    "fails": 0
                }
            },
        "name": ""
    }
}