{"duplicate_fail_rate":0.018009905447996397,"duplicate_fail_threshold_rate_lt_0_01_breached":true,"error_rate":0.009004952723998198,"http_req_failed_threshold_rate_lt_0_01_breached":false,"p95_ms":47.447617050000034}