{
  "peak": {
    "previous": {
      "p95_ms": 5.637076599999999,
      "error_rate": 0.0,
      "iterations_per_sec": 47.434755710287085
    },
    "current": {
      "p95_ms": 6.446613749999998,
      "error_rate": 0.000595903165735568,
      "iterations_per_sec": 49.205559240817315
    },
    "delta": {
      "p95_ms": 0.809537,
      "error_rate": 0.000596,
      "iterations_per_sec": 1.770804
    }
  },
  "burst": {
    "previous": {
      "p95_ms": 5.618295399999997,
      "error_rate": 0.00019493937385473117,
      "iterations_per_sec": 69.93840227908254
    },
    "current": {
      "p95_ms": 6.218358399999993,
      "error_rate": 0.0,
      "iterations_per_sec": 72.29958613969177
    },
    "delta": {
      "p95_ms": 0.600063,
      "error_rate": -0.000195,
      "iterations_per_sec": 2.361184
    }
  }
}